,Model,Accuracy,Bal Acc.,Time
1,KNN,82.04264870931539,80.08100853225962,0.26789212226867676
2,SVM RBF,81.9304152637486,78.83232671843543,0.4197826385498047
3,LM Ridge,81.81818181818183,80.00910746812386,0.23439407348632812
4,LM Logistic Regression,81.14478114478115,79.3524110823507,0.37395262718200684
5,NN Multi layer Perceptron,80.69584736251403,78.27149841817659,3.895859718322754
6,SVM Linear,79.34904601571269,78.50158182341099,0.3413059711456299
7,BM Guassian Naive Bayes,75.19640852974186,70.44626593806922,0.22594070434570312
